{"cameraMode":{"drawMode":0,"name":"Shaded","section":"Shading Mode"},"sceneLighting":true,"audioPlay":false,"sceneViewState":{"m_AlwaysRefresh":false,"showFog":true,"showSkybox":true,"showFlares":true,"showImageEffects":true,"showParticleSystems":true,"showVisualEffectGraphs":true,"m_FxEnabled":true},"in2DMode":false,"pivot":{"x":0.04835136607289314,"y":-0.058195874094963077,"z":-0.041674740612506869},"rotation":{"x":-0.06309015303850174,"y":0.9348848462104797,"z":0.28794431686401369,"w":0.19964617490768434},"size":0.08443357795476914,"orthographic":true}