{"cameraMode":{"drawMode":0,"name":"Shaded","section":"Shading Mode"},"sceneLighting":true,"audioPlay":false,"sceneViewState":{"m_AlwaysRefresh":false,"showFog":true,"showSkybox":true,"showFlares":true,"showImageEffects":true,"showParticleSystems":true,"showVisualEffectGraphs":true,"m_FxEnabled":true},"in2DMode":false,"pivot":{"x":-0.04733145236968994,"y":0.33333975076675417,"z":0.05942767858505249},"rotation":{"x":-0.0338757149875164,"y":0.051851846277713779,"z":-0.0014948584139347077,"w":-0.9984709620475769},"size":0.5036987066268921,"orthographic":false}